<?xml version="1.0" encoding="UTF-8" standalone="yes"?>
<addon id="plugin.video.JokerTV" name="JokerTV Kodi Edition" version="1.3.1" provider-name="Toofaces2">
  <requires>
    <import addon="xbmc.python" version="3.0.1"/>
  </requires>
  <extension point="xbmc.python.pluginsource" library="default.py">
        <provides>video executable</provides>
  </extension>
  <extension point="xbmc.addon.metadata">
    <summary lang="en">JokerTV Kodi Edition</summary>
    <description lang="en">Follow us on Telegram:</description>
	<website>t.me/+VEbC9NOd1byJj_Ba</website>
    <platform>all</platform>
  </extension>
</addon>
